<?xml version="1.0" encoding="UTF-8"?>

<!DOCTYPE suite SYSTEM "http://testng.org/testng-1.0.dtd">
<suite name="assignmentSuite">
  <test thread-count="5" name="signUpTest">
  		<parameter name="fName" value="Gehan"></parameter>
  		<parameter name="lName" value="Hettiarachchi1"></parameter>
  		<parameter name="eMail" value="gehan.smiles@gmail.com"></parameter>
  		<parameter name="password" value="admingehan"></parameter>
  		<classes>
  			<class name="lecturetest1.NewTest"></class>
  		</classes>
  		
  
  
  </test> <!-- Test -->
</suite> <!-- Suite -->
<!-- AS2015412 -->
<!-- H. A. D. G. JANITH -->